18744;Литлл Ван;RODENTS;750;1;"            Литлл Ван \750г\""Зеленая долина""корм для  из разнотравья для ДЕГУ\4\31140";HIGH_DEMAND;4;0;FOOD
13168;Литлл Ван;RODENTS;750;1;"            Литлл Ван \750г\""Зеленая долина""корм для  из разнотравья для МОРСКИХ СВИНОК\4\31120";HIGH_DEMAND;4;0;FOOD
13169;Литлл Ван;RODENTS;750;1;"            Литлл Ван \750г\""Зеленая долина""корм для  из разнотравья для ШИНШИЛЛ\4\31130";HIGH_DEMAND;4;0;FOOD
10673;Литлл Ван;RODENTS;900;1;            Литлл Ван Корм для кроликов 900гр\4\31032;HIGH_DEMAND;4;0;FOOD
10672;Литлл Ван;RODENTS;900;1;            Литлл Ван Корм для морских свинок 900гр\4\31022;HIGH_DEMAND;4;0;FOOD
12793;Литлл Ван;RODENTS;750;1;"            Литлл Ван \750г\""Зеленая долина""корм для  из разнотравья для КРОЛИКОВ\4\31110";HIGH_DEMAND;4;0;FOOD
10676;Литлл Ван;RODENTS;900;1;            Литлл Ван Корм для шиншилл 900гр\4\31072;HIGH_DEMAND;4;0;FOOD
10674;Литлл Ван;RODENTS;900;1;            Литлл Ван Корм для молодых кроликов 900гр\4\31042;HIGH_DEMAND;4;0;FOOD
10671;Литлл Ван;RODENTS;900;1;            Литлл Ван Корм для хомяков 900гр\4\31012;HIGH_DEMAND;4;0;FOOD
10675;Литлл Ван;RODENTS;900;1;            Литлл Ван Корм для крыс  и мышей 900гр\4\31052;HIGH_DEMAND;4;0;FOOD
ЯТ3980;Литлл Ван;RODENTS;400;1;            Литлл Ван Корм для кроликов 400гр\10\31030;HIGH_DEMAND;4;0;FOOD
ЯТ8128;Литлл Ван;RODENTS;400;1;            Литлл Ван Корм для морских свинок 400гр\10\31020;HIGH_DEMAND;4;0;FOOD
19246;Литлл Ван;RODENTS;400;1;            Литлл Ван Корм для карликов хомяков , джунгариков\400гр\10\31150 ;HIGH_DEMAND;4;0;FOOD
16884;Литлл Ван;RODENTS;400;1;            Литлл Ван Корм для Дегу 400гр\10\31090 ;HIGH_DEMAND;4;0;FOOD
ЯТ3984;Литлл Ван;RODENTS;400;1;            Литлл Ван Корм для шиншилл 400гр\10\31070;HIGH_DEMAND;4;0;FOOD
ЯТ3981;Литлл Ван;RODENTS;400;1;            Литлл Ван Корм для молодых кроликов 400гр\10\31040;HIGH_DEMAND;4;0;FOOD
ЯТ3978;Литлл Ван;RODENTS;400;1;            Литлл Ван Корм для хомяков 400гр\10\31010;HIGH_DEMAND;4;0;FOOD
8587;Литлл Ван;RODENTS;400;1;            Литлл Ван Корм для песчанок 400гр\10\31080;HIGH_DEMAND;4;0;FOOD
ЯТ3982;Литлл Ван;RODENTS;400;1;            Литлл Ван Корм для Крыс 400гр\10\31050;HIGH_DEMAND;4;0;FOOD
ЯТ3983;Литлл Ван;RODENTS;400;1;            Литлл Ван Корм для мышек 400гр\10\31060;HIGH_DEMAND;4;0;FOOD
PP00122;     Падован ;RODENTS;300;1;            Падован Корм MELODYMIX дополнительный д/пения д/декоративных птиц 300г/12 PP00122;HIGH_DEMAND;1;0;FOOD
10217;     Падован ;RODENTS;1000;1;            Падован нап.OCEAN fresh air био-песок д/птиц (1кг) 00076;HIGH_DEMAND;1;0;FOOD
Е963;     Падован ;RODENTS;1000;1;            Падован\10 корм для волнистых попугаев натуральный микс 1 кг. РР00121;HIGH_DEMAND;1;0;FOOD
Е9590;     Падован ;RODENTS;400;1;            Падован\12 Корм для волнистых попугаев 400гр Грандмикс 003\РР00276;HIGH_DEMAND;1;0;FOOD
Е980;     Падован ;RODENTS;1000;1;            Падован\12 Корм для волнистых попугаев Грандмикс 1кг\  РР00183;HIGH_DEMAND;1;0;FOOD
Е953;     Падован ;RODENTS;400;1;            Падован\12 Корм для канареек Компл.400гр Грандмикс\ РР00275;HIGH_DEMAND;1;0;FOOD
Е972;     Падован ;RODENTS;1000;1;            Падован\12 Корм для канареек\1кг\РР00182;HIGH_DEMAND;1;0;FOOD
Е901;     Падован ;RODENTS;850;1;            Падован\12 Корм для Кроликов Грандмикс 850гр 033\РР00189;HIGH_DEMAND;1;0;FOOD
Е959;     Падован ;RODENTS;500;1;            Падован\12 Корм для кроликов и молодняка Премиум 500гр РР00291;HIGH_DEMAND;1;0;FOOD
Е956;     Падован ;RODENTS;600;1;            Падован\12 Корм для Крупных Попугаев Грандмикс 600гр  003\РР00186;HIGH_DEMAND;1;0;FOOD
Е962;     Падован ;RODENTS;850;1;            Падован\12 Корм для морских свинок с витамином С 850гр Грандмикс РР00190;HIGH_DEMAND;1;0;FOOD
Е955;     Падован ;RODENTS;850;1;            Падован\12 Корм для Средних Попугаев  850гр Грандмикс РР00185;HIGH_DEMAND;1;0;FOOD
Е954;     Падован ;RODENTS;400;1;            Падован\12 Корм для хомяков 400гр\ РР00414;HIGH_DEMAND;1;0;FOOD
13557;     Падован ;RODENTS;750;1;            Падован\12 Корм для хорьков 750гр\ РР00395;HIGH_DEMAND;1;0;FOOD
Р00569;     Падован ;RODENTS;850;1;            Падован\12 Корм для шиншилл и дегу  850гр Грандмикс Р00569 ;HIGH_DEMAND;1;0;FOOD
РР00184;     Падован ;RODENTS;1000;1;            Падован\12 Корм для экзотических птиц Грандмикс 1 кг. РР00184;HIGH_DEMAND;1;0;FOOD
ЯТ8644;     Падован ;RODENTS;400;1;            Падован\12 Корм для экзотических птиц Грандмикс 400 гр   РР00277;HIGH_DEMAND;1;0;FOOD
14223;РИО;RODENTS;1000;1;            РИО корм для канареек 1000г\10\21072;HIGH_DEMAND;3;0;FOOD
Е603;РИО;RODENTS;500;1;            РИО корм для канареек 500г\10\21070;HIGH_DEMAND;3;0;FOOD
Е604;РИО;RODENTS;500;1;            РИО корм для канареек в период линьки 500г\10\21080;HIGH_DEMAND;3;0;FOOD
13166;РИО;RODENTS;1000;1;            РИО корм для крупных попугаев  1000г\4\21062;HIGH_DEMAND;3;0;FOOD
Е611;РИО;RODENTS;500;1;            РИО корм для крупных попугаев  500г\10\21060;HIGH_DEMAND;3;0;FOOD
И10848;РИО;RODENTS;1000;1;            РИО Корм для лесных певчих птиц 500г пакет\10\21110;HIGH_DEMAND;3;0;FOOD
12123;РИО;RODENTS;1000;1;            РИО корм для мелких попугаев  1000г\4\21012;HIGH_DEMAND;3;0;FOOD
Е606;РИО;RODENTS;500;1;            РИО корм для мелких попугаев  500г\10\21010;HIGH_DEMAND;3;0;FOOD
14221;РИО;RODENTS;1000;1;            РИО корм для мелких попугаев в период линьки 1000г\10\21022;HIGH_DEMAND;3;0;FOOD
Е605;РИО;RODENTS;500;1;            РИО корм для мелких попугаев в период линьки 500г\10\21020;HIGH_DEMAND;3;0;FOOD
Е61121544;РИО;RODENTS;250;1;            РИО корм для средних и крупных попугаев ГУРМЭ 250г\5\21220 Новинка!!;HIGH_DEMAND;3;0;FOOD
21543;РИО;RODENTS;250;1;            РИО корм для средних и крупных попугаев ЯИЧНЫЙ  250г\5\21200 Новинка!!;HIGH_DEMAND;3;0;FOOD
12124;РИО;RODENTS;1000;1;            РИО корм для средних попугаев  1000г\4\21032;HIGH_DEMAND;3;0;FOOD
Е608;РИО;RODENTS;500;1;            РИО корм для средних попугаев  500г\10\21030;HIGH_DEMAND;3;0;FOOD
16417;РИО;RODENTS;1000;1;            РИО корм для средних попугаев в период линьки 1000г\10\21042;HIGH_DEMAND;3;0;FOOD
Е607;РИО;RODENTS;500;1;            РИО корм для средних попугаев в период линьки 500г\10\21040;HIGH_DEMAND;3;0;FOOD
Е609;РИО;RODENTS;500;1;            РИО корм для экзотических птиц  500г\10\21100;HIGH_DEMAND;3;0;FOOD
13167;РИО;RODENTS;1000;1;            РИО корм для экзотических птиц 1000г\10\21102;HIGH_DEMAND;3;0;FOOD
Е006;Вака;RODENTS;500;1;            Вака + (500г)\10;HIGH_DEMAND;3;0;FOOD
Е001;Вака;RODENTS;500;1;            Вака 500г пакет\корм для мелких и средних попугаев\14;HIGH_DEMAND;3;0;FOOD
Е180;Вака;RODENTS;500;1;            Вака High Quality корм для волнистых попугаев\500гр\10;HIGH_DEMAND;3;0;FOOD
Е1087;Вака;RODENTS;500;1;            Вака High Quality корм для канареек\500гр\10;HIGH_DEMAND;3;0;FOOD
В1000;Вака;RODENTS;500;1;            Вака High Quality корм для кроликов\500гр\10;HIGH_DEMAND;3;0;FOOD
Я1088;Вака;RODENTS;500;1;            Вака High Quality корм для крупных попугаев\500г\10;HIGH_DEMAND;3;0;FOOD
ВИ230;Вака;RODENTS;500;1;            Вака High Quality корм для морских свинок\500гр\10;HIGH_DEMAND;3;0;FOOD
Я1117;Вака;RODENTS;500;1;            Вака High Quality корм для мышей и крыс\500г\10;HIGH_DEMAND;3;0;FOOD
Е186;Вака;RODENTS;500;1;            Вака High Quality корм для средних попугаев\500г\10;HIGH_DEMAND;3;0;FOOD
Я1118;Вака;RODENTS;500;1;            Вака High Quality корм для хомячков\500г\10;HIGH_DEMAND;3;0;FOOD
ЯТ1119;Вака;RODENTS;500;1;            Вака High Quality корм для шиншилл\500г\10;HIGH_DEMAND;3;0;FOOD
ЯТ33711;Вака;RODENTS;500;1;            Вака High Quality корм для экзотических птиц\500г\10 ;HIGH_DEMAND;3;0;FOOD
Е014;Вака;RODENTS;500;1;            Вака В\К для волнистых попугаев с овощами\500гр\14;HIGH_DEMAND;3;0;FOOD
Е039;Вака;RODENTS;500;1;            Вака В\К для грызунов\500г\14;HIGH_DEMAND;3;0;FOOD
Е004;Вака;RODENTS;500;1;            Вака В\К для канареек\14 500г;HIGH_DEMAND;3;0;FOOD
Е002;Вака;RODENTS;500;1;            Вака В\К для крупных попугаев\14 500г;HIGH_DEMAND;3;0;FOOD
Е0101;Вака;RODENTS;500;1;            Вака В\К для мелких и средних попугаев в период линьки\500г\14;HIGH_DEMAND;3;0;FOOD
Е005;Вака;RODENTS;500;1;            Вака В\К для мелких и средних попугаев\14 500г;HIGH_DEMAND;3;0;FOOD
ЯТ3823;Вака;RODENTS;500;1;            Вака В\К для морских свинок\ 500г\14;HIGH_DEMAND;3;0;FOOD
ЯТ3621;Вака;RODENTS;500;1;            Вака В\К для мышей и крыс\500г\14;HIGH_DEMAND;3;0;FOOD
ЯТ3824;Вака;RODENTS;500;1;            Вака В\К для хомяков\500г\14;HIGH_DEMAND;3;0;FOOD
Е184;Вака;RODENTS;500;1;            Вака В\К для шиншилл и декоративных кроликов\500г\14;HIGH_DEMAND;3;0;FOOD
Е027;Вака;RODENTS;500;1;            Вака В\К Просо\500г\14;HIGH_DEMAND;3;0;FOOD
Е0445;Вака;RODENTS;500;1;            Вака В\К Травяные гранулы для грызунов 500гр\14;HIGH_DEMAND;3;0;FOOD
Е2222;Вака;RODENTS;800;1;            Вака ЛЮКС корм для декоративных крыс и мышей\800г\8;HIGH_DEMAND;3;0;FOOD
В339;Вака;RODENTS;900;1;            Вака ЛЮКС корм для канареек\900г\8;HIGH_DEMAND;3;0;FOOD
Е262;Вака;RODENTS;800;1;            Вака ЛЮКС корм для кроликов и шиншилл\800г\банка\8;HIGH_DEMAND;3;0;FOOD
Е263;Вака;RODENTS;800;1;            Вака ЛЮКС корм для крупных попугаев\800г\8;HIGH_DEMAND;3;0;FOOD
Е264;Вака;RODENTS;1000;1;            Вака ЛЮКС корм для мелких и средних попугаев\1000г\8;HIGH_DEMAND;3;0;FOOD
Е272;Вака;RODENTS;800;1;            Вака ЛЮКС корм для морских свинок\800г\8;HIGH_DEMAND;3;0;FOOD
Е265;Вака;RODENTS;900;1;            Вака ЛЮКС корм для средних попугаев\900г\8;HIGH_DEMAND;3;0;FOOD
Е273;Вака;RODENTS;900;1;            Вака ЛЮКС корм для хомяков\900г\8;HIGH_DEMAND;3;0;FOOD
В181;Вака;RODENTS;30;1;            Вака Минеральный камень для попугаев\30гр\90x40x5мм;HIGH_DEMAND;3;0;FOOD
В761;Вака;RODENTS;1600;1;"            Песок для шиншилл ""Чистюля ВАКА"" Люкс 1,6л.\8";HIGH_DEMAND;3;0;FOOD
17338;АдельПет ;RODENTS;500;1;            АдельПет корм для грызунов\500гр\18\1215;HIGH_DEMAND;3;0;FOOD
19122;АдельПет ;RODENTS;900;1;            АдельПет корм для грызунов\900гр\9;HIGH_DEMAND;3;0;FOOD
17333;АдельПет ;RODENTS;500;1;            АдельПет корм для канареек\500гр\18\1212;HIGH_DEMAND;3;0;FOOD
19123;АдельПет ;RODENTS;900;1;            АдельПет корм для канареек\900гр\9;HIGH_DEMAND;3;0;FOOD
17339;АдельПет ;RODENTS;500;1;            АдельПет корм для кроликов\500гр\18\1216;HIGH_DEMAND;3;0;FOOD
19124;АдельПет ;RODENTS;900;1;            АдельПет корм для кроликов\900гр\9;HIGH_DEMAND;3;0;FOOD
17337;АдельПет ;RODENTS;500;1;            АдельПет корм для лесных птиц\500гр\18\1214;HIGH_DEMAND;3;0;FOOD
19125;АдельПет ;RODENTS;900;1;            АдельПет корм для лесных птиц\900гр\9;HIGH_DEMAND;3;0;FOOD
17342;АдельПет ;RODENTS;500;1;            АдельПет корм для мелких попугаев в период линьки\500гр\18\1219;HIGH_DEMAND;3;0;FOOD
19126;АдельПет ;RODENTS;900;1;            АдельПет корм для мелких попугаев в период линьки\900гр\9;HIGH_DEMAND;3;0;FOOD
17341;АдельПет ;RODENTS;500;1;            АдельПет корм для мелких попугаев\500гр\18\1218;HIGH_DEMAND;3;0;FOOD
19127;АдельПет ;RODENTS;900;1;            АдельПет корм для мелких попугаев\900гр\9;HIGH_DEMAND;3;0;FOOD
17340;АдельПет ;RODENTS;500;1;            АдельПет корм для птиц луговое разнотравье\500гр\18\1217;HIGH_DEMAND;3;0;FOOD
19212;АдельПет ;RODENTS;500;1;            АдельПет корм для птиц просо красное\500гр\18;HIGH_DEMAND;3;0;FOOD
17343;АдельПет ;RODENTS;500;1;            АдельПет корм для средних попугаев\500гр\18\1220;HIGH_DEMAND;3;0;FOOD
19128;АдельПет ;RODENTS;900;1;            АдельПет корм для средних попугаев\900гр\9;HIGH_DEMAND;3;0;FOOD
17336;АдельПет ;RODENTS;500;1;            АдельПет корм для экзотических птиц\500гр\15\1213;HIGH_DEMAND;3;0;FOOD
19129;АдельПет ;RODENTS;900;1;            АдельПет корм для экзотических птиц\900гр\9;HIGH_DEMAND;3;0;FOOD
